# step,rank,entropy,components,curvature,nabla_t
0.000000,13.000000,2.611132,6.000000,57.096481,24.590600
1.000000,10.000000,2.448734,5.000000,11.888226,8.013191
2.000000,9.000000,2.301471,2.000000,2.191250,3.472898
3.000000,10.000000,2.452514,1.000000,1.379859,1.631356
4.000000,8.000000,2.418964,0.000000,0.070751,1.113667
5.000000,9.000000,2.537568,0.000000,0.061007,0.326610
6.000000,9.000000,2.231265,0.000000,0.016581,0.248199
7.000000,9.000000,2.248033,0.000000,0.008246,0.174328
8.000000,10.000000,2.500798,0.000000,0.007692,0.144140
9.000000,9.000000,2.376004,0.000000,0.003601,0.113992
10.000000,9.000000,2.498373,0.000000,0.003776,0.121625
11.000000,9.000000,2.305598,0.000000,0.002266,0.120304
12.000000,9.000000,2.486634,0.000000,0.003734,0.099538
13.000000,9.000000,2.560166,0.000000,0.002166,0.107856
14.000000,8.000000,2.383259,0.000000,0.004554,0.115021
15.000000,9.000000,2.550462,0.000000,0.006902,0.125454
16.000000,9.000000,2.554105,0.000000,0.006587,0.138348
17.000000,9.000000,2.523839,0.000000,0.005060,0.123656
18.000000,9.000000,2.648261,0.000000,0.008944,0.135547
19.000000,8.000000,2.507037,0.000000,0.004106,0.129566
20.000000,9.000000,2.579836,0.000000,0.005930,0.126343
21.000000,9.000000,2.470322,0.000000,0.004593,0.129168
22.000000,9.000000,2.473517,0.000000,0.003544,0.129820
23.000000,9.000000,2.649522,0.000000,0.005628,0.117398
24.000000,8.000000,2.389366,0.000000,0.006349,0.135656
25.000000,9.000000,2.340122,0.000000,0.014240,0.153723
26.000000,10.000000,2.433154,0.000000,0.004852,0.145372
27.000000,9.000000,2.414299,0.000000,0.005999,0.120942
28.000000,9.000000,2.523907,0.000000,0.004153,0.132613
29.000000,9.000000,2.584124,0.000000,0.003532,0.116228
30.000000,9.000000,2.527139,0.000000,0.003395,0.120006
31.000000,9.000000,2.565354,0.000000,0.006331,0.130167
32.000000,8.000000,2.532027,0.000000,0.002820,0.124217
33.000000,9.000000,2.612962,0.000000,0.003905,0.104136
34.000000,9.000000,2.345518,0.000000,0.003755,0.103965
35.000000,9.000000,2.234025,0.000000,0.005761,0.117602
36.000000,9.000000,2.585747,0.000000,0.007408,0.137205
37.000000,8.000000,2.583405,0.000000,0.004496,0.142677
38.000000,9.000000,2.569970,0.000000,0.006965,0.146042
39.000000,9.000000,2.326659,0.000000,0.003821,0.159296
40.000000,9.000000,2.444089,0.000000,0.013724,0.159945
41.000000,8.000000,2.579460,0.000000,0.031426,0.182422
42.000000,9.000000,2.504971,0.000000,0.043458,0.212957
43.000000,9.000000,2.561273,0.000000,0.015947,0.239063
44.000000,9.000000,2.480300,0.000000,0.006306,0.170739
45.000000,9.000000,2.542043,0.000000,0.002427,0.110813
46.000000,9.000000,2.604986,0.000000,0.010169,0.135860
47.000000,9.000000,2.507338,0.000000,0.007421,0.153302
48.000000,9.000000,2.687904,0.000000,0.006911,0.137236
49.000000,8.000000,2.539625,0.000000,0.004514,0.132016
50.000000,9.000000,2.549011,0.000000,0.005976,0.141475
51.000000,9.000000,2.502610,0.000000,0.005369,0.129644
52.000000,9.000000,2.493724,0.000000,0.004297,0.125312
53.000000,9.000000,2.553832,0.000000,0.003536,0.112880
54.000000,9.000000,2.439430,0.000000,0.002852,0.115238
55.000000,9.000000,2.624113,0.000000,0.004180,0.127211
56.000000,9.000000,2.436826,0.000000,0.004461,0.140035
57.000000,9.000000,2.641418,0.000000,0.003196,0.113554
58.000000,10.000000,2.514353,0.000000,0.010498,0.125742
59.000000,8.000000,2.504138,0.000000,0.005859,0.135700
60.000000,10.000000,2.520312,0.000000,0.004216,0.126817
61.000000,8.000000,2.426357,0.000000,0.005084,0.118669
62.000000,9.000000,2.575450,0.000000,0.004337,0.108975
63.000000,9.000000,2.444794,0.000000,0.003874,0.123462
64.000000,8.000000,2.568274,0.000000,0.007988,0.142305
65.000000,9.000000,2.427086,0.000000,0.003878,0.130531
66.000000,9.000000,2.582767,0.000000,0.003410,0.105434
67.000000,8.000000,2.442663,0.000000,0.001464,0.102306
68.000000,9.000000,2.631792,0.000000,0.007051,0.115132
69.000000,8.000000,2.590834,0.000000,0.003348,0.126251
70.000000,9.000000,2.425885,0.000000,0.005268,0.110826
71.000000,10.000000,2.301721,0.000000,0.004971,0.127599
72.000000,10.000000,2.678996,0.000000,0.006760,0.134976
73.000000,9.000000,2.593353,0.000000,0.002890,0.124151
74.000000,9.000000,2.556791,0.000000,0.003139,0.119405
75.000000,9.000000,2.589255,0.000000,0.005735,0.123088
76.000000,9.000000,2.520431,0.000000,0.003706,0.111699
77.000000,9.000000,2.461364,0.000000,0.003779,0.122396
78.000000,9.000000,2.404728,0.000000,0.008076,0.134511
79.000000,10.000000,2.555278,0.000000,0.004657,0.141344
80.000000,10.000000,2.412133,0.000000,0.004220,0.120844
81.000000,9.000000,2.542108,0.000000,0.003911,0.118844
82.000000,10.000000,2.588888,0.000000,0.005228,0.124293
83.000000,9.000000,2.636621,0.000000,0.008936,0.154186
84.000000,9.000000,2.605228,0.000000,0.003084,0.144336
85.000000,9.000000,2.461966,0.000000,0.005118,0.105021
86.000000,9.000000,2.482174,0.000000,0.006176,0.128494
87.000000,9.000000,2.613399,0.000000,0.004768,0.125450
88.000000,8.000000,2.572623,0.000000,0.008257,0.131781
89.000000,9.000000,2.407876,0.000000,0.004583,0.124795
90.000000,9.000000,2.424727,0.000000,0.003428,0.112015
91.000000,9.000000,2.467950,0.000000,0.008342,0.128272
92.000000,9.000000,2.434976,0.000000,0.005884,0.145509
93.000000,8.000000,2.559306,0.000000,0.012948,0.158972
94.000000,8.000000,2.543964,0.000000,0.006222,0.158443
95.000000,9.000000,2.547923,0.000000,0.004568,0.127522
96.000000,9.000000,2.593668,0.000000,0.005844,0.131966
97.000000,9.000000,2.424173,0.000000,0.004169,0.138831
98.000000,9.000000,2.483775,0.000000,0.004467,0.118712
99.000000,9.000000,2.326552,0.000000,0.005941,0.128211
100.000000,9.000000,2.500105,0.000000,0.006141,0.127998
101.000000,9.000000,2.229384,0.000000,0.040520,0.163724
102.000000,9.000000,2.377815,0.000000,0.316292,0.389060
103.000000,9.000000,2.164998,1.000000,3.239405,1.093835
104.000000,9.000000,2.327171,3.000000,33.962713,4.147721
105.000000,8.000000,2.142372,4.000000,378.953312,13.911846
106.000000,9.000000,2.110015,3.000000,4313.590265,75.924991
107.000000,9.000000,2.058929,1.000000,51048.743477,725.617217
108.000000,9.000000,2.083305,2.000000,623313.507416,7199.918333
109.000000,9.000000,2.123591,2.000000,7888486.425704,87050.345040
110.000000,9.000000,2.150441,2.000000,103030140.562523,996804.009164
111.000000,9.000000,2.160392,1.000000,1384249516.798990,12108408.486446
112.000000,9.000000,2.168816,1.000000,19027537104.753956,147075778.487052
113.000000,9.000000,2.171912,1.000000,266311269058.209961,1839255327.265794
114.000000,9.000000,2.174437,1.000000,3778204621399.462402,23309354117.380672
115.000000,9.000000,2.174895,1.000000,54141700879974.296875,301419526547.411377
116.000000,10.000000,2.174892,1.000000,781480787476272.625000,3955723553275.587402
117.000000,10.000000,2.174017,1.000000,11338481959013624.000000,52733592360074.500000
118.000000,10.000000,2.172861,1.000000,165116656837990304.000000,712254829991069.500000
119.000000,11.000000,2.171373,1.000000,2410813709309684736.000000,9739893883260996.000000
120.000000,11.000000,2.169800,1.000000,35265058798776868864.000000,134617651711873936.000000
121.000000,12.000000,2.168176,1.000000,516538657260795592704.000000,1878435763350704128.000000
122.000000,12.000000,2.166609,1.000000,7573131158629455495168.000000,26427736966445592576.000000
123.000000,12.000000,2.165129,1.000000,111108662757360895262720.000000,374476981162168483840.000000
124.000000,13.000000,2.163778,1.000000,1630943660270802924732416.000000,5338664333705944760320.000000
125.000000,13.000000,2.162565,1.000000,23949191446093360986587136.000000,76505213801307704393728.000000
126.000000,13.000000,2.161496,1.000000,351772774723175945240313856.000000,1101149235507942335184896.000000
127.000000,14.000000,2.160567,1.000000,5168008095232388395654184960.000000,15907261847074695830044672.000000
128.000000,15.000000,2.159768,1.000000,75936742359308575603467223040.000000,230502587116288636029501440.000000
129.000000,15.000000,2.159087,1.000000,1115918666750866172723037470720.000000,3348610507436691355745648640.000000
130.000000,16.000000,2.158512,1.000000,16400346841080390355048651030528.000000,48749796161893594093485817856.000000
131.000000,16.000000,2.158029,1.000000,241048545851857099480496691216384.000000,710954371619210137988885381120.000000
132.000000,16.000000,2.157625,1.000000,3543074141007450217987329272840192.000000,10383375743446768711858531598336.000000
133.000000,16.000000,2.157289,1.000000,52080488360825145050111423933317120.000000,151828328566666338001436029222912.000000
134.000000,16.000000,2.157010,1.000000,765570101089105585538068233653846016.000000,2222248777074882859358913776582656.000000
135.000000,16.000000,2.156779,1.000000,11253999741070619830294426255957688320.000000,32552342776558404869761151010865152.000000
136.000000,16.000000,2.156589,1.000000,165439208250245351137171043187918110720.000000,477154302441130205058377364579287040.000000
137.000000,16.000000,2.156432,1.000000,2432079059901618224097310651294423187456.000000,6997949633359742304632660769921564672.000000
138.000000,16.000000,2.156303,1.000000,35753876128583658120082988842826915119104.000000,102677588930255349701666595945094053888.000000
139.000000,16.000000,2.156197,1.000000,525622046034727378281760519680144864968704.000000,1507087552118463911995416712776823865344.000000
140.000000,16.000000,2.156110,1.000000,7727305000437385206250340805967219869614080.000000,22127411918582957352661175090925499580416.000000
141.000000,16.000000,2.156039,1.000000,113601955889238624400604338776188693797404672.000000,324959006960142866540385350059421136322560.000000
142.000000,16.000000,2.155980,1.000000,1670114386830861524469144867084028916810121216.000000,4773238143193526562083111138266416968368128.000000
143.000000,16.000000,2.155933,1.000000,24553238428126692938719136035616003449323257856.000000,70124281049011089340469465972648717137739776.000000
144.000000,16.000000,2.155893,1.000000,360971652328735722321505239406785226509769506816.000000,1030342531580559993530024764811539338768678912.000000
145.000000,16.000000,2.155861,1.000000,5306874771345494782367213373046348653451391533056.000000,15140567594817550022853598569940615318407741440.000000
146.000000,16.000000,2.155835,1.000000,78019963458340337687180875119332670700943015149568.000000,222505816039682792852384735581691921822537220096.000000
147.000000,16.000000,2.155814,1.000000,1147026869404353615340058974445891135550723928883200.000000,3270184030511980293139186536561223544972628721664.000000
148.000000,16.000000,2.155796,1.000000,16863286221392617516066779031485284245114791036715008.000000,48064989976229256137692532302582382207846313885696.000000
149.000000,16.000000,2.155782,1.000000,247919941044354172780908666760744868855533093840224256.000000,706490996604660338700993963840227790175372335644672.000000
150.000000,16.000000,2.155770,1.000000,3644863103057768505734996852456791809719675754905600000.000000,10384884216933171615596585684007862885095856433790976.000000
151.000000,16.000000,2.155761,1.000000,53586007576889798039101977591888981489910763229064200192.000000,152654911548108736723334966188281960797975957253128192.000000
152.000000,16.000000,2.155753,1.000000,787810785898267348127042800309239571608179698689539833856.000000,2244044277841171778496833977306509771910577378461483008.000000
153.000000,16.000000,2.155746,1.000000,11582244334868234924647815329864230384722469059511910924288.000000,32988416650418843340840144649836541752989830252934987776.000000
154.000000,16.000000,2.155741,1.000000,170280042511502396362182580401314050805020222141676893765632.000000,484952505900536999807658309190141400007952066506278305792.000000
155.000000,16.000000,2.155737,1.000000,2503427180601485420543624403571488089642431543123417619234816.000000,7129239830297896422414012093923946530554574512873776611328.000000
156.000000,16.000000,2.155733,1.000000,36804958144471167635592591343433336021549032891382021008392192.000000,104807502589756292809269901735037151636338589718872512790528.000000
157.000000,16.000000,2.155731,1.000000,541100352691711067459559703386124999612059591008435354512392192.000000,1540798020111959532000280219964010141732157195413590418391040.000000
158.000000,16.000000,2.155728,1.000000,7955168940254136031168319034703973771990418885688421866293690368.000000,22651787308436379471608685704967825318602077805616618128015360.000000
159.000000,16.000000,2.155726,1.000000,116955615702680816576827321676029894772374498508514567947512971264.000000,333013650374504994467569989790827590848749759288250174279778304.000000
160.000000,16.000000,2.155725,1.000000,1719462939404926146038068847250627992039365689754479278101723348992.000000,4895802408175052678824058015520246180891280799602132841628958720.000000
161.000000,16.000000,2.155723,1.000000,25279275025648850663344016406023294866237491353369030447352451694592.000000,71975981225495973569748411159299363789441645078269677633378713600.000000
162.000000,16.000000,2.155722,1.000000,371651983539851132364783206573864832284269356115699573151498323886080.000000,1058163633300946053012426068562944327137309310526043491866372997120.000000
163.000000,16.000000,2.155722,1.000000,5463970324376601478493549323089239708475280112716285714403570101518336.000000,15556765848822955283898048917772303129039957845228098775334137102336.000000
164.000000,16.000000,2.155721,1.000000,80330457234941633292688836677218605951796814601461136666580434083119104.000000,228710875284256106881103034387594534452792744002185209371759977955328.000000
165.000000,16.000000,2.155720,1.000000,1181006180662134740878813587564658469798776189678769110451257776902504448.000000,3362444682232285256381503047493626636121140851042426631829029436522496.000000
166.000000,16.000000,2.155720,1.000000,17362974282987053293891511590244024732034835335179059471857263784822308864.000000,49433818597398299710870844151249314104268393607414949386086544014573568.000000
167.000000,16.000000,2.155719,1.000000,255267831997166668433199759490925608615550122563204368170444150358304358400.000000,726764534004447818458151539438719197656699831565660270335664601952157696.000000
168.000000,16.000000,2.155719,1.000000,3752909322816782675076933189476728448794834998489923698006489322003114229760.000000,10684734742637998714870135759594916132644254951619957102971564828768862208.000000
169.000000,16.000000,2.155719,1.000000,55174710535424378258093913798941354477694908158830266116522928159023379251200.000000,157084789489821571220990772681375305882277481984550709261428139506511380480.000000
170.000000,16.000000,2.155719,1.000000,811170343682695584913385127405525789769802034806772741944880333873111805984768.000000,2309430123005303189671936165447933413708603455629707453323851986964976762880.000000
171.000000,16.000000,2.155719,1.000000,11925705293704839610420582391079191677527542565635003359364955075503479643439104.000000,33952813280567162009431902003767829997250251119657656360569156933716239450112.000000
172.000000,16.000000,2.155718,1.000000,175329941250036838133649148891715849022980582208596440555118427127969321052012544.000000,499168194711843669583493837148333833840454619025794785302058820832567159160832.000000
173.000000,16.000000,2.155718,1.000000,2577674685551094870581094937411954878520913370940775555242038978008076044141068288.000000,7338684400897093742876241976276018732181484482596171378648847374368582200721408.000000
174.000000,16.000000,2.155718,1.000000,37896589697852416155245318351109514209409246767186483253567230261298753134951137280.000000,107892101310687291248627033570638892698170473086923690372874552024060737473216512.000000
175.000000,16.000000,2.155718,1.000000,557150027312367730266072708381145108591400162444482930706171605733953274071872438272.000000,1586211892728923939731989418165340806155675641350439163700881312657723033116475392.000000
176.000000,16.000000,2.155718,1.000000,8191136915052319675231953162937834113151275449436771358308268693840485677787726741504.000000,23320230662511704080505879059616088645721458200876121940156727754379536087436492800.000000
177.000000,16.000000,2.155718,1.000000,120424878410741632143123740494792031139242053687251279320012851210387750938310835437568.000000,342850316886614554995073236451257932406594345459705968337828139731859467705203556352.000000
178.000000,16.000000,2.155718,1.000000,1770468684591645777639878100095304693382483317141015849541810580263450778392874425778176.000000,5040531447566134248831033162836940002332644831956202890269525820899347611101993893888.000000
179.000000,16.000000,2.155718,1.000000,26029167850653398897082036659015331144010688828817675689640025431320469546292667249328128.000000,74105109104780533810284535933461646751814358449526108846276308763549873608941583204352.000000
180.000000,16.000000,2.155718,1.000000,382676963865633546384762951339129142453084035041347443814461337772608437556985971938951168.000000,1089481884702080853901440057510741766708703493539966285802475424456726138063042778234880.000000
181.000000,16.000000,2.155718,1.000000,5626059958533738033592041999736411320351867986715031082717623664931517805681514252311986176.000000,16017395841778547263389730128997217657951937996148677783609778417628741763522047611240448.000000
182.000000,16.000000,2.155718,1.000000,82713499121235253561016282466064194298036989925138847716999303634827809735182319783134625792.000000,235485315477193657825891583543496716797683246451949491464995768812472516958634324132888576.000000
183.000000,16.000000,2.155718,1.000000,1216041598816610800476154533812535808035386565421814528381397358842052662411231311293283565568.000000,3462069436144560425417934489240962110366478402522377839483843903945303513576837432347721728.000000
184.000000,16.000000,2.155718,1.000000,17878063285346873942571159490531087608738039677705752919318317197392640897433195093451207606272.000000,50898822494056104579693726414199726994857730101912947009757948399045375365732364042190716928.000000
185.000000,16.000000,2.155718,1.000000,262840635930438622918151141720231537678132712305273466268582488454181877121674502387190745530368.000000,748306833785343880589544158974840566620187201888049432172284596079330746414007892888982126592.000000
186.000000,16.000000,2.155718,1.000000,3864244065447942993377268060276749022100280283868689723179705315524123398181281956256094955241472.000000,11001494835867738334286898002767579428777304002875620668117326468890402555036523994893967687680.000000
187.000000,16.000000,2.155718,1.000000,56811543444719030715785173472132534254294040483196291542447133430807907339861071363382188783435776.000000,161742330640180063295855013942931895174023283860868641202681519616867917218201207554236886286336.000000
188.000000,16.000000,2.155718,1.000000,835234890872824393890017773218832320712023728730620287910753444121637235697864252992712319443140608.000000,2377911582847100896510482541628007810930875532680575985793759263209077626385798715091089667129344.000000
189.000000,16.000000,2.155718,1.000000,12279499568907843665404076809702568108020180379893998846317457605963933204676827722338916128989904896.000000,34959701383322874012066262196478824778610819643915539624493532583723016700945061777891397747081216.000000
190.000000,16.000000,2.155718,1.000000,180531382686198445223698376411612336049177977590058525818046157738138750026821298859484284602801979392.000000,513972321143759712016253471468607780913694239089099517566707987977709681635881563341711046785105920.000000
191.000000,16.000000,2.155718,1.000000,2654145632016387314139895246311369071819417554905491450857098128334060850963774335112036792847858401280.000000,7556344564734962351925217890532044806564178788483664075703453845860038845587777391836576011341791232.000000
192.000000,16.000000,2.155718,1.000000,39020855725050139896579337679894468883575492337287886176175175604522711517876736001827203546859796692992.000000,111092253992260330698436156320736065615854018624558823368644604615114942200689389085343621225339944960.000000
193.000000,16.000000,2.155718,1.000000,573678837907951443333474511804645495276374557904372582396765226883432456173078118501289532272750933049344.000000,1633261807129800067084080894796051598702131539298107198556146353929707329055030641309945075923461079040.000000
194.000000,16.000000,2.155718,1.000000,8434141256026750388122893670437108794371442809900804324909011380807308559483503874871838283181630725029888.000000,24011972475556164385805213605248030642552594499410839407818275477188669160271960894140863069768277557248.000000
195.000000,16.000000,2.155718,1.000000,123997494827115257067653357682923082974480851861933834329578115680743788371146094100573584798919718407766016.000000,353020454042761627689959699505004431612088696483716540850034333013249475747649092749199970448168747794432.000000
196.000000,16.000000,2.155718,1.000000,1822992793019271259569701087694201820347936148073672387944244951393505529660002697500392530898181101350551552.000000,5190054317731037133065078011254257015262695188644949035531574755999656329721722044233622489386790531629056.000000
197.000000,16.000000,2.155718,1.000000,26801369885123978988217779261203142656242604603250516533800561355532009836296344809921890197599437662709612544.000000,76303408463251715499529058767339357019011157391708022575965988567740235287744858892669299745234989009076224.000000
198.000000,16.000000,2.155718,1.000000,394029768258580229072751438130401528066031921705801795358687071092392451769375394587283302097154485143935647744.000000,1121801391806815676172773217799602900938890447595232850762650368566991643358474396375490917204941309785145344.000000
199.000000,16.000000,2.155718,1.000000,5792967260570120083308253234303468464121712291449601160266217190048837828446550005376949173120290009146554580992.000000,16492557678478126586382583896056844519522635238126548474837829311318016717730429438687672975242029532522217472.000000
200.000000,16.000000,2.155718,1.000000,85167346193019891403814995774583276338312520689724189845201144113467620033397914262539710754541426241638586384384.000000,242471137229186545383393384629485661278957766342466033327767199217143883002493147029700314898232097062688653312.000000
201.000000,16.000000,2.155718,1.000000,1252117702652051880992118750552071446701549421646456738844048276654207670608111503850837341512830926199739715158016.000000,3564774707042838423234043161599379439294079624829858499025432849841691993047562024493230047935815375147147198464.000000
202.000000,16.000000,2.155718,1.000000,18408448911760512947611896441668453301483635263478503338185162800896801266170214467853112537346884277679400788426752.000000,52408789231022022024639736720187966793327560339067550957569789487690280623664835768626039514403732762264382472192.000000
203.000000,16.000000,2.155718,1.000000,270638287940453703644311089038859821974086023469803361649503742129730252801775348793585270703686584850586178898886656.000000,770506249848063628618793541803050931311987774022453810157233286831312898542791272596321451349543996062705775542272.000000
204.000000,16.000000,2.155718,1.000000,3978884003317518267115233541831925719554882161829105929219096534709366949378316790943246164850674849177220285061922816.000000,11327868668447282611424111184177440712029334022032046916337370345499239589124936878630284342708442914448742614564864.000000
205.000000,16.000000,2.155718,1.000000,58496962985567319258005389893707381647286821063979483751116860988356181972068160358313722469016979946449994630580666368.000000,166540646062488314969089635803744621998265439159374287004025165770994961087903745833519846966501906896376300274974720.000000
206.000000,16.000000,2.155718,1.000000,860013681155343458313395237087029646815392450897599089608059954265657183447009940719901724991510812834516763106479177728.000000,2448455893689901602906267415550457779448372078814902225349854427745369491121014035372713755374567449910585541173182464.000000
207.000000,16.000000,2.155718,1.000000,12643793695159702460548629825821954919744042232125745117027798800043235743764033961709921671766506571283170689663564251136.000000,35996835652016635708015890935635794592165192391251106413246645788991508242313781722648979099987456012795285158764740608.000000
208.000000,16.000000,2.155718,1.000000,185887181227750746740472594166652987471944584090435193295221802632687613099745034437911769918815825573785140994819059875840.000000,529220142667127120285443516244653951291533135555297371584322057955040072331799271164532972352952015132790869251728605184.000000
209.000000,16.000000,2.155718,1.000000,2732885791887993714230089030800817996903399024079299406598606943509963369046541162074257578158668524779097934615973640273920.000000,7780516103839808641632688415428274696000849823563916857004549097048644194380750492797512621409828423498393399354319699968.000000
210.000000,16.000000,2.155718,1.000000,40178481927700026510206860470563763396059594215032776444629900535747386866964558996604413107893029277324313111448447822594048.000000,114387994663135138739220252060396872370023523654609835498725583984031958614942920070740584257941092760373148279379192709120.000000
211.000000,16.000000,2.155718,1.000000,590698087279960767628840899528711273376105938654274438941195626384459927467424639035565839002846234014499773518892557915914240.000000,1681715345191208475384048516269082780923953072927669282578356324505486075132053581882785713059145337517726788070224414375936.000000
212.000000,16.000000,2.155718,1.000000,8684355744090797345033355171858829437499258163647079294094079061592356301791478444540006607887748150370887725529722114818441216.000000,24724329777640894544702574834475517518972092379507808654057801910003102765375722267848188856752761592622771868282468389879808.000000
213.000000,16.000000,2.155718,1.000000,127676111222004549394299729893078434844927816366471370727804078647701571145286863176104332188822938088680390970157599086224605184.000000,363493432329451258244826136839971509231891520177090845795891496617173187940512816386710002236229876571441723734110303665782784.000000
214.000000,16.000000,2.155718,1.000000,1877075266972036328113611712375366861145290785493642564566064048860554124767307287342941041090522473984659512859555388932476633088.000000,5344026574127408044365773910944874679316922937723171546990733797808855295510805025337735167077658304790743867383210151054934016.000000
215.000000,16.000000,2.155718,1.000000,27596482412905466344330218998741257939428811913342797297010714035384470642873110933215673491650969530059110115372064498411244617728.000000,78567086739859104261029036168467763377130409120928142824538241317960125545173666404267610885275205661309025012831305041132388352.000000
216.000000,16.000000,2.155718,1.000000,405719394937065450220129721494639845902190353380382804303954203157803357468088985926258362453149650809915033285434004147745067106304.000000,1155081666147578467885688868434953609220814846811141400926714543242164079016818899827277255661614304648657423905710481276680536064.000000
217.000000,16.000000,2.155718,1.000000,5964826421188057499675320574604568524099888489233887456938566179209483463593973244508826311602629878664820511971889339687515195441152.000000,16981839481423802151508648973064634234329031747012511940184456691252171672961911668144322811574211586234548030433389455559454883840.000000
218.000000,16.000000,2.155718,1.000000,87693994122382308822577303816602523883742640672214818769609032503206920304338888011261202869240761109854643973534985187179310799126528.000000,249664487487591386612787200916351650604891929293970943653487412820337290592293926902076168736283953011784106077950344630817014153216.000000
219.000000,16.000000,2.155718,1.000000,1289264106299432673977195107423307481315245177129083083944612062955110084687141371716702661156763606546937154617039913111325201215258624.000000,3670530296955230642175787083542100730366409625311643862142585489943739330482130579251770192029703386865070431426142956563386362494976.000000
220.000000,16.000000,2.155718,1.000000,18954569836034104130717547271103853812245980183828136563901691059720425478843221837032912378797060011373800525366123190839251357866655744.000000,53963592486962515503232273202413392761772116119238628215269969945555692704019022630680406728321351682457721065941463021022256029499392.000000
221.000000,16.000000,2.155718,1.000000,278667276870497351794409921504277449902741772787769820103037172662214132904785240119201702701434835860052322425355675531787252601295208448.000000,793364739852916588368777627013748741804288605538581212251625873242827249680720967470936167596408177759553520481503925853717069299712000.000000
222.000000,16.000000,2.155718,1.000000,4096925009125375973551299752843404883697271168140657272628780583739544998373482073536935794161541814128206353882882341115037787053566722048.000000,11663930836439695258767219194755634409317394227391435779341127566593091869173372629376139105560397554707033832964692964381115930353074176.000000
223.000000,16.000000,2.155718,1.000000,60232384364974574468790269121499958276066498480080484731265294557778219499428721724521764958542101085398851417421031044699522888505969606656.000000,171481382679755966727451548587572487320968686906459962208243252992577696083093357913590309214193484374312170252845306282761634067658047488.000000
224.000000,16.000000,2.155718,1.000000,885527589157870017988092924208485343663696741960869247400927411241588948364856061675591366025327398153334565397510156113981389808056682938368.000000,2521093876368232840169799215315276517702808872317623766786698203773425835163361686312280915177457563818324006753662755103345634494568726528.000000
225.000000,16.000000,2.155718,1.000000,13018895390367103897499588341923190736880484251842769494503290325179613608821811346918923381220210322263831207604174235248528103127634883379200.000000,37064748570382436945244372714683807390965209723339070843761804980201542054249687395287922106982159746409233216958919753474355749250970681344.000000
226.000000,16.000000,2.155718,1.000000,191401870772370846662597791503117432465759283258724070446205089799063309917017161804217148115288116415362850811416814145815879076854199006265344.000000,544920440874744495191088761738127952653743050612556628017113831938081816198282907162685807599171780892839778928579819412752434772028378054656.000000
227.000000,16.000000,2.155718,1.000000,2813961940448293514952472055991374262532508382296835042029323310826747850619832415690651383576375433613863248071654845599548678471763464636334080.000000,8011339570300975911791678506437678311442144087695057274545333613628564029448523510130055027672779031878418126974357292145748278742385963302912.000000
228.000000,16.000000,2.155718,1.000000,41370451450341118192726859855427731554897458962167554205461624554680125846440671610611144250838782968991770686496773938524400441178626890687053824.000000,117781527167527159430877715038479662133647127964733569956088950493540361486184633560505632180113879904922117885719856010447407131630394010501120.000000
229.000000,16.000000,2.155718,1.000000,608222246578288972875876119823226136820905778446745676037997470374318443315416665676295974073363019171216413043751227860707015632774469357290913792.000000,1731606558459389743956733601460701118563785473284367142140355218190354146463063819285302598522852223665659837022900572999620553749464618786357248.000000
230.000000,16.000000,2.155718,1.000000,8941993337366191808080022797293098580126794200897654547836810663955432649807307213939862476008343284029705475476597822339315156218666827035881504768.000000,25457823017067004732917186467915495246998854718913492997214931488048139220943166643956175335671893004036111254089304686944721005756504374119497728.000000
231.000000,16.000000,2.155718,1.000000,131463860941193618901953938045838834698388463226104877353184136348705345072157842363230271386917923545559614920401762212720900208009467536957371318272.000000,374277141423453598242360354896248705851111640051342111761169334491208793267984601316073888142741976238208610396110106587745542149597723409799708672.000000
232.000000,16.000000,2.155718,1.000000,1932762202063694019086379638530313130856028668401992916956819249262506246942178638250204701912113654768055769251671543079867032913839980389016910430208.000000,5502567069405299354603979752052643071587847586004668822202432798684493048536603620786446275033642402801388002478001075706560710787773923807408947200.000000
233.000000,16.000000,2.155718,1.000000,28415183480708200786935697723687164618561461936860796716048064448319277358839627388177947460938498667321817404320505913435224337152773007003522638544896.000000,80897925633958971529005906353857002731934207942019548844233353064436157307985504931365142375500026388443018949742403467014885792410143665875002064896.000000
234.000000,16.000000,2.155718,1.000000,417755816716733996229485975197703574381471188593873230212116833139893572471034194052472523918997940199681251182287740982242263548999605467480982988783616.000000,1189349314482004664304139478222560132023007210748831765976950712216317806789338256604408594595066481353257666928067453106714585176175308524487662632960.000000
235.000000,16.000000,2.155718,1.000000,6141784110567455172475796308812766411668249134300879881868363740482411826723032931006544651428117519938685978514194325953265785482908789882362791515389952.000000,17485637372967985994802468034908380389574072837847723455081984044793366348382382965961013430271519637323526217434093388054654214993701935098266730364928.000000
236.000000,16.000000,2.155718,1.000000,inf,257071249477648892209970042404483291631920051910014486693255434410930462341840662453273193307098665711885050873052069098142152314158787238284924209332224.000000
237.000000,16.000000,2.155718,1.000000,inf,3779423414683467828543805459863778280501968772083746760384097095694099917880122967277386624568055970597276799085938672810423124631847939210810951280361472.000000
238.000000,16.000000,2.155718,1.000000,inf,inf
239.000000,16.000000,2.155718,1.000000,inf,inf
240.000000,16.000000,2.155718,1.000000,inf,inf
241.000000,16.000000,2.155718,1.000000,inf,inf
242.000000,16.000000,2.155718,1.000000,inf,inf
243.000000,16.000000,2.155718,1.000000,inf,inf
244.000000,16.000000,2.155718,1.000000,inf,inf
245.000000,16.000000,2.155718,1.000000,inf,inf
246.000000,16.000000,2.155718,1.000000,inf,inf
247.000000,16.000000,2.155718,1.000000,inf,inf
248.000000,16.000000,2.155718,1.000000,inf,inf
249.000000,16.000000,2.155718,1.000000,inf,inf
250.000000,16.000000,2.179002,1.000000,inf,inf
251.000000,16.000000,2.256254,1.000000,inf,inf
252.000000,16.000000,2.306740,1.000000,inf,inf
253.000000,16.000000,2.354057,1.000000,inf,inf
254.000000,16.000000,2.399127,1.000000,inf,inf
255.000000,16.000000,2.430361,1.000000,inf,inf
256.000000,16.000000,2.476169,1.000000,inf,inf
257.000000,16.000000,2.533641,1.000000,inf,inf
258.000000,16.000000,2.578170,1.000000,inf,inf
259.000000,16.000000,2.612406,1.000000,inf,inf
260.000000,16.000000,2.639387,1.000000,inf,inf
261.000000,16.000000,2.660986,1.000000,inf,inf
262.000000,16.000000,2.678482,1.000000,inf,inf
263.000000,16.000000,2.692793,1.000000,inf,inf
264.000000,16.000000,2.704593,1.000000,inf,inf
265.000000,16.000000,2.714394,1.000000,inf,inf
266.000000,16.000000,2.722585,1.000000,inf,inf
267.000000,16.000000,2.729471,1.000000,inf,inf
268.000000,16.000000,2.735287,1.000000,inf,inf
269.000000,16.000000,2.740223,1.000000,inf,inf
270.000000,16.000000,2.744430,1.000000,inf,inf
271.000000,16.000000,2.748028,1.000000,inf,inf
272.000000,16.000000,2.751117,1.000000,inf,inf
273.000000,16.000000,2.753776,1.000000,inf,inf
274.000000,16.000000,2.756073,1.000000,inf,inf
275.000000,16.000000,2.758061,1.000000,inf,inf
276.000000,16.000000,2.759787,1.000000,inf,inf
277.000000,16.000000,2.761288,1.000000,inf,inf
278.000000,16.000000,2.762597,1.000000,inf,inf
279.000000,16.000000,2.763740,1.000000,inf,inf
280.000000,16.000000,2.764740,1.000000,inf,inf
281.000000,16.000000,2.765617,1.000000,inf,inf
282.000000,16.000000,2.766388,1.000000,inf,inf
283.000000,16.000000,2.767065,1.000000,inf,inf
284.000000,16.000000,2.767662,1.000000,inf,inf
285.000000,16.000000,2.768188,1.000000,inf,inf
286.000000,16.000000,2.768653,1.000000,inf,inf
287.000000,16.000000,2.769064,1.000000,inf,inf
288.000000,16.000000,2.769428,1.000000,inf,inf
289.000000,16.000000,2.769752,1.000000,inf,inf
290.000000,16.000000,2.770038,1.000000,inf,inf
291.000000,16.000000,2.770293,1.000000,inf,inf
292.000000,16.000000,2.770520,1.000000,inf,inf
293.000000,16.000000,2.770723,1.000000,inf,inf
294.000000,16.000000,2.770903,1.000000,inf,inf
295.000000,16.000000,2.771064,1.000000,inf,inf
296.000000,16.000000,2.771208,1.000000,inf,inf
297.000000,16.000000,2.771338,1.000000,inf,inf
298.000000,16.000000,2.771453,1.000000,inf,inf
299.000000,16.000000,2.771557,1.000000,inf,inf
300.000000,16.000000,2.771650,1.000000,inf,inf
301.000000,16.000000,2.771734,1.000000,inf,inf
302.000000,16.000000,2.771810,1.000000,inf,inf
303.000000,16.000000,2.771878,1.000000,inf,inf
304.000000,16.000000,2.771939,1.000000,inf,inf
305.000000,16.000000,2.771995,1.000000,inf,inf
306.000000,16.000000,2.772045,1.000000,inf,inf
307.000000,16.000000,2.772090,1.000000,inf,inf
308.000000,16.000000,2.772131,1.000000,inf,inf
309.000000,16.000000,2.772169,1.000000,inf,inf
310.000000,16.000000,2.772203,1.000000,inf,inf
311.000000,16.000000,2.772234,1.000000,inf,inf
312.000000,16.000000,2.772262,1.000000,inf,inf
313.000000,16.000000,2.772287,1.000000,inf,inf
314.000000,16.000000,2.772311,1.000000,inf,inf
315.000000,16.000000,2.772332,1.000000,inf,inf
316.000000,16.000000,2.772351,1.000000,inf,inf
317.000000,16.000000,2.772369,1.000000,inf,inf
318.000000,16.000000,2.772386,1.000000,inf,inf
319.000000,16.000000,2.772401,1.000000,inf,inf
320.000000,16.000000,2.772414,1.000000,inf,inf
321.000000,16.000000,2.772427,1.000000,inf,inf
322.000000,16.000000,2.772439,1.000000,inf,inf
323.000000,16.000000,2.772449,1.000000,inf,inf
324.000000,16.000000,2.772459,1.000000,inf,inf
325.000000,16.000000,2.772468,1.000000,inf,inf
326.000000,16.000000,2.772477,1.000000,inf,inf
327.000000,16.000000,2.772485,1.000000,inf,inf
328.000000,16.000000,2.772492,1.000000,inf,inf
329.000000,16.000000,2.772498,1.000000,inf,inf
330.000000,16.000000,2.772505,1.000000,inf,inf
331.000000,16.000000,2.772510,1.000000,inf,inf
332.000000,16.000000,2.772516,1.000000,inf,inf
333.000000,16.000000,2.772520,1.000000,inf,inf
334.000000,16.000000,2.772525,1.000000,inf,inf
335.000000,16.000000,2.772529,1.000000,inf,inf
336.000000,16.000000,2.772533,1.000000,inf,inf
337.000000,16.000000,2.772537,1.000000,inf,inf
338.000000,16.000000,2.772540,1.000000,inf,inf
339.000000,16.000000,2.772543,1.000000,inf,inf
340.000000,16.000000,2.772546,1.000000,inf,inf
341.000000,16.000000,2.772549,1.000000,inf,inf
342.000000,16.000000,2.772551,1.000000,inf,inf
343.000000,16.000000,2.772554,1.000000,inf,inf
344.000000,16.000000,2.772556,1.000000,inf,inf
345.000000,16.000000,2.772558,1.000000,inf,inf
346.000000,16.000000,2.772560,1.000000,inf,inf
347.000000,16.000000,2.772562,1.000000,inf,inf
348.000000,16.000000,2.772564,1.000000,inf,inf
349.000000,16.000000,2.772565,1.000000,inf,inf
350.000000,16.000000,2.772567,1.000000,inf,inf
351.000000,16.000000,2.772568,1.000000,inf,inf
352.000000,16.000000,2.772569,1.000000,inf,inf
353.000000,16.000000,2.772571,1.000000,inf,inf
354.000000,16.000000,2.772572,1.000000,inf,inf
355.000000,16.000000,2.772573,1.000000,inf,inf
356.000000,16.000000,2.772574,1.000000,inf,inf
357.000000,16.000000,2.772575,1.000000,inf,inf
358.000000,16.000000,2.772576,1.000000,inf,inf
359.000000,16.000000,2.772576,1.000000,inf,inf
360.000000,16.000000,2.772577,1.000000,inf,inf
361.000000,16.000000,2.772578,1.000000,inf,inf
362.000000,16.000000,2.772578,1.000000,inf,inf
363.000000,16.000000,2.772579,1.000000,inf,inf
364.000000,16.000000,2.772580,1.000000,inf,inf
365.000000,16.000000,2.772580,1.000000,inf,inf
366.000000,16.000000,2.772581,1.000000,inf,inf
367.000000,16.000000,2.772581,1.000000,inf,inf
368.000000,16.000000,2.772582,1.000000,inf,inf
369.000000,16.000000,2.772582,1.000000,inf,inf
370.000000,16.000000,2.772583,1.000000,inf,inf
371.000000,16.000000,2.772583,1.000000,inf,inf
372.000000,16.000000,2.772583,1.000000,inf,inf
373.000000,16.000000,2.772584,1.000000,inf,inf
374.000000,16.000000,2.772584,1.000000,inf,inf
375.000000,16.000000,2.772584,1.000000,inf,inf
376.000000,16.000000,2.772584,1.000000,inf,inf
377.000000,16.000000,2.772585,1.000000,inf,inf
378.000000,16.000000,2.772585,1.000000,inf,inf
379.000000,16.000000,2.772585,1.000000,inf,inf
380.000000,16.000000,2.772585,1.000000,inf,inf
381.000000,16.000000,2.772586,1.000000,inf,inf
382.000000,16.000000,2.772586,1.000000,inf,inf
383.000000,16.000000,2.772586,1.000000,inf,inf
384.000000,16.000000,2.772586,1.000000,inf,inf
385.000000,16.000000,2.772586,1.000000,inf,inf
386.000000,16.000000,2.772586,1.000000,inf,inf
387.000000,16.000000,2.772587,1.000000,inf,inf
388.000000,16.000000,2.772587,1.000000,inf,inf
389.000000,16.000000,2.772587,1.000000,inf,inf
390.000000,16.000000,2.772587,1.000000,inf,inf
391.000000,16.000000,2.772587,1.000000,inf,inf
392.000000,16.000000,2.772587,1.000000,inf,inf
393.000000,16.000000,2.772587,1.000000,inf,inf
394.000000,16.000000,2.772587,1.000000,inf,inf
395.000000,16.000000,2.772587,1.000000,inf,inf
396.000000,16.000000,2.772588,1.000000,inf,inf
397.000000,16.000000,2.772588,1.000000,inf,inf
398.000000,16.000000,2.772588,1.000000,inf,inf
399.000000,16.000000,2.772588,1.000000,inf,inf
